"Groovy Language injection","Evaluation of a user-controlled Groovy script may lead to arbitrary code execution.","error","Groovy script depends on a [[""user-provided value""|""relative:///server-core/src/main/java/io/onedev/server/validation/validator/CodeValidator.java:28:25:28:36""]].","/server-core/src/main/java/io/onedev/server/validation/validator/CodeValidator.java","38","57","38","60", "FALSE; Context is limited! In the real project the descriptor are hard coded strings, not user provided."
"Insecure Bean Validation","User-controlled data may be evaluated as a Java EL expression, leading to arbitrary code execution.","error","Custom constraint error message contains an unsanitized [[""user-provided value""|""relative:///server-core/src/main/java/io/onedev/server/validation/validator/ClassValidatingValidator.java:16:25:16:41""]].","/server-core/src/main/java/io/onedev/server/buildspec/BuildSpec.java","284","51","284","62", "FALSE; Similarly! Context is limited! In the real project the descriptor are hard coded strings, not user provided."
"Insecure Bean Validation","User-controlled data may be evaluated as a Java EL expression, leading to arbitrary code execution.","error","Custom constraint error message contains an unsanitized [[""user-provided value""|""relative:///server-core/src/main/java/io/onedev/server/validation/validator/ClassValidatingValidator.java:16:25:16:41""]].","/server-core/src/main/java/io/onedev/server/buildspec/BuildSpec.java","303","50","303","93", "FALSE; Similarly! Context is limited! In the real project the descriptor are hard coded strings, not user provided."
"Insecure Bean Validation","User-controlled data may be evaluated as a Java EL expression, leading to arbitrary code execution.","error","Custom constraint error message contains an unsanitized [[""user-provided value""|""relative:///server-core/src/main/java/io/onedev/server/validation/validator/ClassValidatingValidator.java:16:25:16:41""]].","/server-core/src/main/java/io/onedev/server/buildspec/BuildSpec.java","339","50","339","159", "FALSE; Similarly! Context is limited! In the real project the descriptor are hard coded strings, not user provided."
"Insecure Bean Validation","User-controlled data may be evaluated as a Java EL expression, leading to arbitrary code execution.","error","Custom constraint error message contains an unsanitized [[""user-provided value""|""relative:///server-core/src/main/java/io/onedev/server/validation/validator/ClassValidatingValidator.java:16:25:16:41""]].","/server-core/src/main/java/io/onedev/server/buildspec/BuildSpec.java","404","52","404","63", "FALSE; Similarly! Context is limited! In the real project the descriptor are hard coded strings, not user provided."
"Insecure Bean Validation","User-controlled data may be evaluated as a Java EL expression, leading to arbitrary code execution.","error","Custom constraint error message contains an unsanitized [[""user-provided value""|""relative:///server-core/src/main/java/io/onedev/server/validation/validator/ParamNameValidator.java:23:25:23:36""]].","/server-core/src/main/java/io/onedev/server/validation/validator/ParamNameValidator.java","39","59","39","65", "FALSE; Similarly! Context is limited! In the real project, there is no usage of the ParamNameValidator."
"Insecure Bean Validation","User-controlled data may be evaluated as a Java EL expression, leading to arbitrary code execution.","error","Custom constraint error message contains an unsanitized [[""user-provided value""|""relative:///server-core/src/main/java/io/onedev/server/validation/validator/ProjectPathValidator.java:22:25:22:36""]].","/server-core/src/main/java/io/onedev/server/validation/validator/ProjectPathValidator.java","40","59","40","65", "FALSE; Similarly! Context is limited! In the real project, there is no usage of the ProjectPathValidator."
"Insecure Bean Validation","User-controlled data may be evaluated as a Java EL expression, leading to arbitrary code execution.","error","Custom constraint error message contains an unsanitized [[""user-provided value""|""relative:///server-core/src/main/java/io/onedev/server/validation/validator/ProjectNameValidator.java:24:25:24:36""]].","/server-core/src/main/java/io/onedev/server/validation/validator/ProjectNameValidator.java","42","59","42","65", "FALSE; Similarly! Context is limited! In the real project, there is no usage of the ProjectNameValidator."
"Insecure Bean Validation","User-controlled data may be evaluated as a Java EL expression, leading to arbitrary code execution.","error","Custom constraint error message contains an unsanitized [[""user-provided value""|""relative:///server-core/src/main/java/io/onedev/server/validation/validator/ClassValidatingValidator.java:16:25:16:41""]].","/server-plugin/server-plugin-import-gitea/src/main/java/io/onedev/server/plugin/imports/gitea/ImportServer.java","683","52","683","63", "FALSE; Similarly! Context is limited! In the real project, the data is not controlled by users."
"Insecure Bean Validation","User-controlled data may be evaluated as a Java EL expression, leading to arbitrary code execution.","error","Custom constraint error message contains an unsanitized [[""user-provided value""|""relative:///server-core/src/main/java/io/onedev/server/validation/validator/ClassValidatingValidator.java:16:25:16:41""]].","/server-plugin/server-plugin-import-github/src/main/java/io/onedev/server/plugin/imports/github/ImportServer.java","680","52","680","63", "FALSE; Similarly! Context is limited! In the real project, the data is not controlled by users."
